<addon id="plugin.program.encore" name="Encore Wizard" version="1.0.0" provider-name="ashcan57">
    <requires>
        <import addon="xbmc.python" version="3.0.0" />
    </requires>
    <extension point="xbmc.python.script" library="wizard.py">
        <provides>executable</provides>
    </extension>
    <extension point="xbmc.addon.metadata">
        <summary>Encore Wizard</summary>
        <description>Installs the Encore full build from Dropbox (dab19.zip).</description>
        <platform>all</platform>
        <license>MIT</license>
    </extension>
</addon>
