<addon id="plugin.program.encore" name="Encore Wizard" version="1.0.0" provider-name="ashcan57">
<requires>
<import addon="xbmc.python" version="3.0.0" />
</requires>


<extension point="xbmc.python.script" library="wizard.py">
<provides>executable</provides>
</extension>


<extension point="xbmc.addon.metadata">
<summary>Encore Wizard</summary>
<description>Installs the Encore full build from Dropbox (dab19.zip).</description>
<platform>all</platform>
<license>MIT</license>
<artifact>https://www.dropbox.com/scl/fi/90rsb9oal9dc3fp3g1l8s/dab19.zip?rlkey=5st59x4bq5xpvljnf0rlflu1z&st=mnvs32to&dl=1</artifact>
</extension>
</addon>
