<addon id="repository.encore" name="Encore Repository" version="1.0.0" provider-name="ashcan57">
    <requires>
        <import addon="xbmc.python" version="3.0.0" />
    </requires>
    <extension point="xbmc.addon.repository">
        <dir>
            <info>addons.xml</info>
            <checksum>addons.xml.md5</checksum>
            <datadir>zips/</datadir>
        </dir>
    </extension>
    <extension point="xbmc.addon.metadata">
        <summary>Encore Kodi Repository</summary>
        <description>Contains the Encore Wizard addon.</description>
        <platform>all</platform>
    </extension>
</addon>
